Sree Nethralaya Eye Hospital & Laser Centre,Hyderabad,11-9-1; Vimal Complex; 2nd Floor; Beside Reliance Petrol Pump; Kothapet X Roads Hyderabad - 500000 Dist: Rangareddy State: Telangana,500000,Dr. P Srinivasa Rao - Managing Director,STD(040) Tel: 40045670 40040478 Fax: 40045671,Common Network
Aditya Hospitals,Hyderabad,4.1.16; Adjacent Endowments Tilak Road Abids Hyderabad - 500001 Dist: Hyderabad State: Telangana,500001,Dr. Yadaiah T Goud - Chairman,STD(040) Tel: 24752988 24754153 Fax: 66785408 24754117,Common Network
Dr. Shantabai Nursing Home,Hyderabad,5-8-535; Abid Road; Hyderabad - 500001; Dist: Hyderabad; State: Telangana,500001,Vijay Kumar,STD (040) Tel: 23202163 23203339 Fax: 66364953,Common Network
Fernandez Hospital Pvt Ltd; Bogulkunta,Hyderabad,H No: 4 -1 -1230; Bogulkunta; Hyderabad - 500001; Dist: Hyderabad; State: Telangana,500001,Ms. Madhuri,STD (040) Tel: 40222300 Fax: 24760860,Common Network
Kamineni Hospitals,Hyderabad,#: 4-1-1227 Boggulakunta Road King Koti Hyderabad - 500001 Dist: Hyderabad State: Telangana,500001,Mr. Hari Krishna - GM,STD(040) Tel: 66924444 66924190 66924153 Fax: 24762727 66924242,Common Network
Medwin Hospital,Hyderabad,Raghava Ratna Towers Chirag Ali Lane Nampally Hyderabad - 500001 Dist: Hyderabad State: Telangana,500001,Mr. Gasper David - GM - Marketing,STD(040) Tel: 23206666 Fax: 23203565 23201120,Common Network
Sree Nethralaya Eye Hospital & Laser Centre,Hyderabad,11-9-1; Vimal Complex; 2nd Floor; Beside Reliance Petrol Pump; Kothapet X Roads Hyderabad - 500000 Dist: Rangareddy State: Telangana,500000,Dr. P Srinivasa Rao - Managing Director,STD(040) Tel: 40045670 40040478 Fax: 40045671,Common Network
Vasan Eye Care Hospital Jubilee Hills,Hyderabad,8-2-293/83/a/1132/4; Road No. 36; Jubilee Hills; Hyderabad 500003 Dist Hyderabad Telangana,500003,Mr Sanjeev,STD(040) Tel: 39890000 Fax: 23682600,Common Network
Global Hospitals,Hyderabad,#: 6-1-1070/1-4 Lakdi-Ka-Phool Hyderabad - 500004 Dist: Hyderabad State: Telangana,500004,Mr. D R Patnaik - VP - Business Development,STD(040) Tel: 23244444 23244455 Fax: 23244455,Common Network
Lotus Children’s Hospital,Hyderabad,6-2-29 Lakdi ka Pool Hyderabad - 500004 Dist: Hyderabad State: Telangana,500004,Dr. V.S V Prasad - CEO,STD(040) Tel: 40404444 40404400 Fax: 40404445,Common Network
Sai Institute of Arthroscopy and Sports Injury,Hyderabad,6-3-252/B/8 Behind Taj Residency; Near Banjara Hills Road No: 1 Erramanzil Colony Hyderabad - 500004 Dist: Hyderabad State: Telangana,500004,Dr. K Raghuveer - Manager,STD(040) Tel: 66462996 23302996 Fax: 23350696,Common Network
Life Hospitals,Hyderabad,2-2-12/3/C Shivam Road Durgabai Deshmukh Colony Hyderabad - 500007 Dist: Hyderabad State: Telangana,500007,Dr. L Sridhar - Executive Managing Director,STD(040) Tel: 27428888 27422727 Fax: 27427492,Common Network
Majestic Hospital,Hyderabad,9-2-504 &504/B; Langer House; Hyderabad - 500008 Dist: Hyderabad State: Telangana,500008,Dr S.K. Zainab - Managind Director,STD(040) Tel: 23521051 Fax: ,Common Network
Mythri Hospital; Mehdhipatnam,Hyderabad,H.No.#13-6-434/C/148; Near PVNR Airport Flyover; Pillar No.80; Mehdhipatnam; Hyderabad - 500008; Dist: Hyderabad; State: Telangana,500008,Dr Prakash Babu,STD (040) Tel: 64588805 Fax: 23516324,Common Network
B B R Multi Speciality Hospital,Hyderabad,7-4-194 Ferozguda Balanagar Secunderabad- 500011 Dist: Rangareddi State: Telangana,500011,Dr. B Keshav Rao - Medical Director,STD(040) Tel: 23779988 23779999 Fax: 23770000,Common Network
Sree Royal Hospital,Hyderabad,# 7-4-158/1; Madhavi Nagar; Ferozguda; Balanagar; Hyderabad - 500011; Dist: Hyderabad; State: Telangana,500011,Mr Shashikanth,STD (040 Tel: 23777772 23777773 Fax: 23777776,Common Network
Shri Sigma Hospitals,Hyderabad,#3-63/4A; Main Road; NH-7; Near Cine Planet; Kompally;Hyderabad - 500014; Dist: Rangareddy; State: Telangana,500014,Mr. Ashwin,STD (040) Tel: 27165095 Fax: 27165096,Common Network
Pace Hospitals,Hyderabad,1-11-254/11/A/3/1.2.3;Motilal nehru nagar; SP Road; Begumpet; Hyderabad - 500016; Dist: Hyderabad; State: Telangana,500016,Mr. Subodh,STD (040) Tel: 27764646 Fax: 27767878,Common Network
Sri Sai Kidney Centre,Hyderabad,7-1-59/4/8 Near LaL Bunglow Ameerpet Hyderabad - 500016 Dist: Hyderabad State: Telangana,500016,Dr. B Sambasiva Rao - Managing Director,STD(040) Tel: 23756789 23756644 66639649 Fax: 23735335 ,Common Network
Vivekananda Hospital (A unit of Aditya Hospitals Pvt Ltd),Hyderabad,6-3-871/A; Greenlands Road Behind Snehalata Complex Begumpet Hyderabad - 500016 Dist: Hyderabad State: Telangana,500016,Dr Geetha - Exe. Director,STD (040) Tel: 43839999 Fax: 65735535,Insurer Direct Network
Leela Hospital,Hyderabad,Plot No: 112/C; 112/D Moti Nagar; Erragadda Hyderabad 500018 Dist Hyderabad Telangana,500018,Dr. R Mohan Naik - Managing Director,STD(040) Tel: 23834231 23834241 Fax: 23834231,Common Network
American Oncology Institute,Hyderabad,Nallagandla;Serilingampally;Hyderabad 500019 Dist Hyderabad Telangana,500019,Mr Narasimha Chary,STD(040) Tel: 67191933;67199922;67199999 Fax: 67199750,Common Network
Citizens Hospital (Cyberabad Citizens Health Services Pvt Ltd),Hyderabad,1/100/1/CCH; Nallagandla; Serilingampally Hyderabad-500019; Dist:Ranga Reddy; State : Telangana,500019,Dr Rampapa Rao - President,STD (040) 67191919 Mobile:9951887007,Common Network
Care Hospital; Musheerabad,Hyderabad,D. No: 1-4-908/7/1 Opp: Raja Deluxe Musheerabad Hyderabad - 500020 Dist: Hyderabad State: Telangana,500020,Dr. B S Sanadha Raj - ,STD(040) Tel: 30219000 30219305 Fax: 30219618 ,Common Network
Sai Krishna Neuro Hospital,Hyderabad,#: 3-4-1; VLR Complex Station Road Kacheeguda Hyderabad 500027 Dist Hyderabad Telangana,500027,Dr. MV REddy - Managing Director,STD(040) Tel: 27551412 - 16 Fax: 66615868,Insurer Direct Network
Apoorva Hospital; Hyderabad,Hyderabad,12-2-823/46/A;2nd right turn from St Ann's Womens College Near park;Santosh Nagar Colony Mehdipatnam Hyderabad - 500028 Dist: Hyderabad State: Telangana,500028,Dr. E Arjun - Managing director,STD(040) Tel: 65503232 23521139 Fax: ,Common Network
Aravind Eye Hospital; Mehndipatnam,Hyderabad,12-2-824; opp. St. Anns Womens college Santosh Nagar colony Mehdipatnam Hyderabad - 500028 Dist: Hyderabad State: Telangana,500028,Dr. Subhash Chandra Bose - Director,STD(040) Tel: 23513743 Fax: 23519421,Common Network
Olive Hospital,Hyderabad,#12-2-718/3 to 5 Nanalnagar X Roads; Mehdipatnam Hyderabad - 500028 Dist: Hyderabad State: Telangana,500028,Mr. Aga Mujahid Hussain - Manaing Director,STD(040) Tel: 30499500 30499599 Fax: 30499555 ,Common Network
Premier Hospitals,Hyderabad,12-2-718; Nanal Nagar X Roads Mehdipatnam Hyderabad - 500028 Dist: Hyderabad State: Telangana,500028,Dr. Mahesh Marda - Managing Director,STD(040) Tel: 23515100 23537184 23535271 Fax: 23513100 23516578,Common Network
Udbhava Childrens Hospital,Hyderabad,Road No:1; MIG-196; KPHB; Hyderabad 500028,500028,Dr. K. Sireesha,STD(040) Tel: 65555733 Fax:65555733,Common Network
Vasan Eye Care Hospital Mehdipatnam,Hyderabad,No 10-3-12; Famous Plaza; Mehdipatnam; Hyderabad 500028 Dist Hyderabad Telangana,500028,Syed Sadhika Ali,STD(040) Tel: 39890300 Fax:23590900,Common Network
Apollo Emergency Hospital; Hyderguda,Hyderabad,3-5-836/1 to 3-5-838 Old MLA Quarters Road Hyderguda Hyderabad - 500029 Dist: Hyderabad State: Telangana,500029,Ms. Vasanthi - Administrator,STD(040) Tel: 23231380 23212381 23242827 Fax: 23388399 ,Common Network
Clear Vision Eye Hospital,Hyderabad,3-6-272/B NVK Towers; Opp Telugu Academy Himayath Nagar Hyderabad - 500029 Dist: Hyderabad State: Telangana,500029,Dr. D Naveena - Director,STD(040) Tel: 23225386 Fax: 23221522 ,Common Network
Fernandez Hospital; Hyderguda,Hyderabad,3-6-282; Opp. Old MLA Qrtrs; Hyderguda; Hyderabad - 500029; Dist: Hyderabad; State: Telangana,500029,Anka babu,STD (040) Tel: 40632300 Fax: 40632309,Common Network
Hyderabad Eye Centre,Hyderabad,3-6-217/1; Street No 15 Himayat Nagar Hyderabad - 500029 Dist: Hyderabad State: Telangana,500029,Dr. Milind Bhide - Consultant,STD(040) Tel: 23228181 Fax: ,Common Network
Hyderabad Nursing Home,Hyderabad,#:5-9-29/40 Liberty Basheerbagh Hyderabad 500029 Dist Hyderabad Telangana,500029,Mr. Raghuveer - Director,STD(040) Tel: 23222344 23223523 Fax: 23228081,Common Network
Saivani Super Speciality Hospital (A Unit of Vishwa Health Institue Pvt. Ltd.),Hyderabad,#: 1-2-365/36/6&7 Ramakrishna Math Road; Opp. Indira Park; Domalguda Hyderabad - 500029 Dist: Hyderabad State: Telangana,500029,Dr. K Rama Rao -,STD(040) Tel: 27634462 27634463 Fax: 27636882,Common Network
Sathya Kidney Centre & Super Speciality Hospitals,Hyderabad,3-6-426; Street No.4; Himayat Nagar Hyderabad; Dist:Hyderabad; State:Telangana - 500029,500029,Dr. V V S Sharma - Managing Director,STD(040) Tel: 27650935 27636444 66564666 Fax: 27638893,Common Network
Sunrise Superspeciality Children's Hospital,Hyderabad,3-5-1105;opp.IPM blood bank; Beside Bata show room; Narayanguda; Hyderabad - 500029 Dist: Hyderabad State: Telangana,500029,Mr Praneetha Reddy - Director,STD(040) Tel: 24766363 24756363 Fax: 247666364 ,Common Network
Vasan Eye Care Hospital; Himayat Nagar,Hyderabad,3-6-611; Street No: 8; Himayat Nagar Hyderabad - 500029 Dist: Hyderabad State: Telangana,500029,Dr. A.M. Arun - Chairman,STD(040) Tel: 27639999 Fax: 27649999,Common Network
Himagiri Hospital,Hyderabad,Plot No.4; 5; 23 & 24; Stadium Main Road; Gachibowli; Hyderabad - 500032; Dist: Hyderabad; State: Telangana,500032,Rajeshwar Reddy P.,STD (040) Tel: 23004206 23004207 23004208 Fax: 23004204,Common Network
Apollo Hospitals (Jubilee Hills),Hyderabad,Road No.34; MLA Colony; Jubilee Hills; Hyderabad - 500033; Dist:Hyderabad; State: Telangana,500033,Dr. Hari Prasad - CEO,STD(040) Tel: 23607777 Fax: 23608050,Common Network
Care Hospital; Banjara Hills,Hyderabad,6-3-248/1/1A Road No 1 Banjara Hills Banjara Hills Hyderabad - 500033 Dist: Hyderabad State: Telangana,500033,Mr. Prakash - Incharge for Insurane,STD(040) Tel: 30418888 Fax: 66625003,Common Network
Dr. Mohan's Diabetes Specialities Centre (MV Diabetics),Hyderabad,Door No: 1-2-365/36/5&9;Ramakrishna Mutt Road; Opp: Indira Park; Domalguda Hyderabad - 500033 Dist: Hyderabad State: Telangana,500033,Ms. Rekha Thankappan - Executive Director,STD(040) Tel: 43968888 65417454 9652180880 Fax: 23540884 ,Common Network
Centre For Sight; Hyderabad,Hyderabad,Ashoka Capital Building; Road No:2; Banjara Hills; Hyderabad - 500034; Dist: Hyderabad; State: Telangana,500034,Babu Rao Sirigiri,STD (040) Tel: 40045500 40042115 Fax: 40042119,Common Network
Challa Eye Care Centre,Hyderabad,8-2-268/R/9-P; Sagar Society Main Road Road No.2 Banjara Hills Hyderabad - 500034 Dist: Hyderabad State: Telangana,500034,Dr. C Ravi Prasad - ,STD(040) Tel: 23554779 Fax: 23551994 ,Common Network
Indo- American Cancer Institute & Research Centre,Hyderabad,Road No- 14 Banjara Hills Hyderabad - 500034 Dist: Hyderabad State: Telangana,500034,Mr. Nagender P N Rao - Manager - Marketing,STD(040) Tel: 23551235 23552131 23607944 Fax: 23542120 ,Common Network
Motherhood (Previously: Femina Womens Hospital),Hyderabad,Road No-12; Banjarahills Hyderabad - 500034 Dist: Rangareddy State: Telangana,500034,Dr. L Sridhar - Managing Director,STD(040) Tel: 67339999 Fax: 67339933,Common Network
Nova Specialty Surgery,Hyderabad,Dharani Devi Building; Plot No. 565; Road No. 92; Jubilee Hills Co-op Building Society Ltd Hyderabad 500034 Dist Hyderabad Telangana,500034,Mr K. Srinivas,STD(040) Tel:49101111 Fax:49101117,Common Network
Omega Hospitals (Unit of Hyderabad Institute of Oncology),Hyderabad,MLA Colony; Main Road Road No 12 Banjara Hills Hyderabad - 500034 Dist: Hyderabad State: Telangana,500034,Mr. D Mohana Vamsy - Managing Director,STD(040) Tel: 23551034 Fax: 23550327,Common Network
Rainbow Children Hospital; Hyderabad,Hyderabad,22 Road No 10 Banjara Hills Hyderabad - 500034 Dist: Hyderabad State: Telangana,500034,Dr. Ramesh Kancharla - Director,STD(040) Tel: 23319061 23319062 23319063 Fax: 23397476,Common Network
Star Hospital,Hyderabad,8-2-596/5; Rd. No.10 Banjarahills Hyderabad - 500034 Dist: Hyderabad State: Telangana,500034,Dr. M. Gopichand - MD,STD(040) Tel: 44777777 Fax: 23356788 ,Common Network
Aware Global Hospitals,Hyderabad,Sowbhagya Nagar Sagar Road lingojiguda Hyderabad - 500035 Dist: Hyderabad State: Telangana,500035,Dr. M Veera Prasad - CEO,STD(040) Tel: 24111111 24030444 Fax: 24032366,Common Network
Continental Hospital,Hyderabad,Plot No. 3;Road No. 2;IT & Financial District; Nanakramguda; Gachibowli; Hyderabad - 500035; Dist: Hyderabad; State: Telangana,500035,Mr Srinivas,STD (040) Tel: 67229999 Fax: 67229999,Common Network
Ozone Hospitals,Hyderabad,H. No.11-13-201/33; Plot No.23;25 & 26; Road No.4; Green Hills Colony; Saroor Nagar; Kothapet; Hyderabad - 500035; Telangana,500035,Mr. Eswar Reddy,STD (040) Tel: 30108108 30108100 Fax: 30108100,Common Network
Sai Sanjeevini Hospitals(A unit of Singapanga Health Care India Pvt Ltd),Hyderabad,#11-8-99/44/A(8); Plot No.7; Narasimhapuri Colony; Kothapet; Hyderabad; Dist: Hyderabad; State:Telangana - 500035,500035,Dr.Anjaiah - Managing Director,STD(040) Tel: 24039012 to 24039016 Fax: 24039017,Common Network
Sri Laxmi Multi Speciality Hospital and Research ; Laproscopic Centre (SLMS Hospital),Hyderabad,Plot No. 21; Nagole X Road; Nagole - 500035 Dist: Hyderabad; State: Telangana,500035,Mr. Ramu,STD(040) Tel: 64596935 Fax: 24221935,Common Network
Hyderabad Kidney and Laparoscopic Centre,Hyderabad,D. No: 16-2-674/12; Judges Colony Malakpet Hyderabad - 500036 Dist: Hyderabad State: Telangana,500036,Dr. A.V.V. Reddy - Managing Director,STD(040) Tel: 24540777 24540888 24540999 Fax: ,Common Network
Omni Hospitals,Hyderabad,Opp Pvt Market Kothapet X Road; Dilsukhnagar Hyderabad - 500036 Dist: Hyderabad State: Telangana,500036,Dr. E Venkat Ramana - Medical SUPERINTENDENT,STD(040) Tel: 67369999 Fax: 67369900 ,Common Network
Spark eye care Hospitals,Hyderabad,#16-2-705/9/12/A-F Beside New Hanuman Temple New Malakpet Hyderabad 500036 Distt Hyderabad Telangana,500036,Dr Ajay Chakravarthy,STD(040) Tel: 24542000 24554321 Fax: 24554321,Common Network
Yashoda Hospital,Hyderabad,Nalgonda X Roads Malakpet Hyderabad - 500036 Dist: Hyderabad State: Telangana,500036,Mr. Srinivasa Rao - General Manager,STD(040) Tel: 24555555 Fax: 24545690,Common Network
Prime Hospital; Ameerpet,Hyderabad,Plot No.4; Mythri Vanam Ameerpet hyderabad - 500038 Dist: Hyderabad State: Telangana,500038,Dr. B. Naga Raju - Managing Director,STD(040) Tel: 44569999 Fax: 23755152,Common Network
Raghava Hospital,Hyderabad,8-3-214/18; Srinivasa colony west Ameerpet Hyderabad - 500038 Dist: Hyderabad State: Telangana,500038,Dr. K V Ramana Rao - Managing Director,STD(040) Tel: 23732617 23732453 Fax:,Common Network
Sowmya Children Hospital,Hyderabad,Lane No.23; 375/2RT; Behind Axis bank; SR Nagar Hyderabad - 500038; Dist: Hyderabad; State: Telangana,500038,Mr. Shyam Sundar Reddy,STD (040) Tel: 44253540 Fax: 44253540,Common Network
Aditya Hospitals; Uppal,Hyderabad,Opp:Bharat Petrol Pump; Shanti Nagar; Uppal; Hyderabad - 500039; Dist: Hyderabad; State: Telangana,500039,Mr. M Naveen,STD (040) Tel: 33855555 Fax: 27214445,Common Network
Spark Hospital,Hyderabad,Plot No. 2&3; Beside Axis Bank; Peerzadiguda; Near Uppal; Hyderabad - 500039; Dist: Rangareddi; State - Telangana,500039,Dr. Victor Emanuel,STD (040) Tel: 27206777 27206621 Fax: 27206622,Common Network
Pragna Hospital For Children Newborn & Skin,Hyderabad,#: 6-3-347/22/B/1 Dwarkapuri Colony; Nr Saibaba temple Panjagutta Hyderabad - 500041 Dist: Hyderabad State: Telangana,500041,Dr. Padmavathi S - Managing Director,STD(040) Tel: 66666377 66666388 66827999 Fax: 23357979 ,Common Network
Usha Mohan Hospital,Hyderabad,3-4-181/1 Opp. RTA Office Hyderguda Rajendranagar Hyderabad 500048 Dist Rangareddy Telangana,500048,Ms Chanchal,STD(040) Tel:24008055;65141572 Fax:24008055,Common Network
Archana Hospital Pvt Ltd,Hyderabad,1-56/AH; Madinaguda; Hyderabad - 500049; Dist: Rangareddy; State: Telangana,500049,V Rajeshwar Reddy,STD(040) Tel: 71071000 71071001Fax:71071025,Common Network
Healix Hospital,Hyderabad,Plot No:-204; Mythri Nagar; Near Madinaguda; Miyapur; Hyderabad 500049 Dist Rangareddy Telangana,500049,Dr Avani - Chairman,STD(040) Tel: 23044155 23044144 Fax: 23044141,Common Network
Vijaya Hospital,Hyderabad,H.No.1-58/7/3; 3rd Floor; Besides St.Anns School Arch; Madeenaguda; Hyderabad 500049 Dist Hyderabad Telangana,500049,Dr. Uma Maheswara Rao,STD(040) Tel:23044103; 64554103 Fax:23044103,Common Network
Kadimi Nursing Home,Hyderabad,#: 6-94/6/C Manjeera Road Chandanagar; Hyderabad 500050 Dist Hyderabad Telangana,500050,Dr. K Gopinath - Director,STD(040 ) Tel: 23033599;23033966 Fax: 23031334;23036926,Common Network
Mirra Multi Specialty Hospital,Hyderabad,33;34;35 Alluri Sita Ram Raju Colony Near Siddhartha Arts College Hyderabad - 500050 Dist: Hyderabad State: Telangana,500050,Dr. Avnit Bimal Singh - Managing Director,STD(040) Tel: 23042015 Fax:,Common Network
Mythri Hospital; Chandanagar,Hyderabad,Plot No: 5-4/12 to 16; Main Road; Chandanagar; Hyderabad - 500050; Dist: Hyderabad; State: Telangana,500050,Dr Vegunta Prakash Babu,STD (040) Tel: 64513927 Fax: 40212000,Common Network
Pranaam Hospital,Hyderabad,1-58/6/40 & 41 Madinaguda Miyapur Hyderabad - 500050 Dist: Hyderabad State: Telangana,500050,Dr. Manish Gour - Director,STD(040) Tel: 23042777 23043777 Fax: 23044713,Common Network
Sai Siva Children's Hospital & Poly Clinic,Hyderabad,Opp. Venkateswara Temple; Manjeera Road; Chandanagar Hyderabad - 500050 Dist: Hyderabad State: Telangana,500050,Dr. P.S. Reddy - Partner,STD(040) Tel: 20040488 Fax: ,Common Network
Vasan Eye Care Hospital; Chanda Nagar,Hyderabad,86; Chanda Nagar Village; Serilingampally; Rangareddy District; Hyderabad - 500050; Dist: Hyderabad; State: Telangana,500050,Sanjeev Reddy,STD (040) Tel: 30124500 Fax: 23037711,Common Network
Vijaya Nursing Home,Hyderabad,2-58/8; Near Telephone Exchange SBI Building Chandanagar Hyderabad - 500050 Dist: Hyderabad State: Telangana,500050,Dr. V Prasad Babu - Managing Director,STD(040) Tel: 23034173 23036966 23039881 Fax: 23034173 23036966,Common Network
Konark Hospitals,Hyderabad,Plot No 13 & 14; Beside Sherwood Public School; Pet Basheerabad Village; Kompally Hyderabad - 500054 Dist: Hyderabad State: Telangana,500054,Dr. Rajani Ashok - Managing Director,STD(040) Tel: 44661515 Fax: 44661529 ,Common Network
Kiranmaye Institute of Medical Sciences,Hyderabad,Plot no 1;2 and 3; Mainroad; Shapurnagar; Hyderabad - 500055; Dist: Rangareddi; State: Telangana,500055,Dr Laxmi Narayana,STD (040) Tel: 23193777 Fax: 23193777,Common Network
Ram Hospital,Hyderabad,Plot No 57/A; Shapur Nagar IDA Jeedimetla Hyderabad - 500055 Dist: Hyderabad State: Telangana,500055,Dr. B Satyanarayana Rao -,STD(040) Tel: 44543737 44543734 23095777 Fax:,Common Network
Sigma Hospital,Hyderabad,APIIC Colony; Sub-Station IDA Jeedimetla Hyderabad - 500055 Dist: Hyderabad State: Telangana,500055,Dr. Ramesh Kumar - Director,STD(040) Tel: 23090503 Fax: 23090504,Common Network
Usha Mullapudi Cardiac Centre,Hyderabad,Qutubullahpur Municipality Gajularamaram Hyderabad - 500055 Dist: Rangareddy State: Telangana,500055,Mr. Arjun - Administrator,STD(040) Tel: 23090609 Fax: 23094426 ,Common Network
Nirmala Maternity & Orthopaedic Hospital,Hyderabad,10-3-76/10 2/3RT Vijaya Nagar Colony Hyderabad - 500057 Dist: Hyderabad State: Telangana,500057,Dr. K Nirmala - Director,STD(040) Tel: 23345536 23345930 23341253 Fax: 23342240 23345536,Common Network
Apollo D R D O Hospital; Kanchanbagh,Hyderabad,DMRL X Road Near Santosh Nagar Kanchanbagh Hyderabad - 500058 Dist: Hyderabad State: Telangana,500058,Dr. Prem Kishore -,STD(040) Tel: 24342255 24342222 Fax: 24342255,Common Network
Vasan Eye Care Hospital; Santoshnagar,Hyderabad,Plot. No. 15; 17-1-382 / R / 15; A. P. S. R. T. C. Officers Colony; Santosh Nagar; Saidabad; Hyderabad - 500059; Dist: Hyderabad; State: Telangana,500059,Mr. Vinod Kumar.M,STD (040) Tel: 33782700 Fax: 24079600,Common Network
Dr Agarwals Eye Hospital Dilsukhnagar,Hyderabad,S S Towers; 8-92/C.D.E; Chaitanyapuri Cross Road; Dilsukhnagar; Hyderabad 500060 Dist Hyderabad Telangana,500060,Mr Sai Mohan,STD (040) Tel 24146234Fax:24146234,Common Network
G B R Hospital,Hyderabad,Beside Fruit Market; Prabhath Nagar; Chaitanyapuri; Hyderabad - 500060 Dist: Rangareddy State: Telangana,500060,Dr G Sudha Rani -,STD(040) Tel: 65702345 66802345 Fax: 24147890,Common Network
Paramitha Childrens Hospital P. Ltd.,Hyderabad,H.No:3-112; Hanuman Nagar; Chaithanyapuri; Dilsukhnagar; Hyderabad - 500060; Dist: Hyderabad; State: Telangana,500060,T Satish,STD (040) Tel: 24141278 24142278 Fax: 24050234,Common Network
Siva Eye Hospital,Hyderabad,4-85/3; Vikasnagar; Lane beside Rajadhani Theatre; Dilsukhnagar; Hyderabad 500060 Dist Hyderabad Telangana,500060,Dr. Sambasiva Rao,STD(040) Tel:24043355 Fax: 24053355,Common Network
VASAN EYE CARE HOSPITAL BEGUMPET,Hyderabad,1/10-44/1; Begumpet Main Road; Begumpet; Hyderabad 500060 Distt Hyderabad Telangana,500060,Dr Ram prasad,STD(040) Tel: 43400100 Fax: 43400111,Common Network
VASAN EYE CARE HOSPITAL DILSHUK NAGAR,Hyderabad,Old.No.60/11 N.No.741/10;Flat-G-1; Moosarambagh;Dilshuk Naugar; Hyderabad 500060 Distt Hyderabad Telangana,500060,Mr Kishan Rao,STD(040) Tel: 43400200 Fax: 27649999,Common Network
Asha Hospital,Hyderabad,H NO.19-66/11;Prashanth Nagar Phase -II;Behind Spencers Hitension Road Dr. A S Rao Nagar Kapra Hyderabad 500062 Dist Hyderabad Telangana,500062,Dr. K.K Haranath,STD(040) Tel: 27136109 Fax: 27136109,Common Network
New LifeLine Multispeciality Hospital,Hyderabad,1-1-21; Saipriya Colony; Old Kapra Ecil; Hyderabad 500062 Dist Rangareddy Telangana,500062,Dr A Srinivas - Managing Director,STD(040) Tel: 64615999 64616999 Fax: 27147771,Common Network
Tulasi Hospital ,Hyderabad,A-12;Electronic Complex; Beside SBH; Kushaiguda; ECIL X Roads; Hyderabad - 500062; Dist: Hyderabad; State: Telangana,500062,Dr Vishwanath Reddy,STD (040) Tel: 49336699 Fax: 27143369,Common Network
Vasan Eye Care Hospital; A. S. Rao Nagar,Hyderabad,D. No.1-1-256/7; Srinivas Nagar Colony; Kapra Circle Kesara Mandal; A. S. Rao Nagar; Hyderabad – 500062; Dist: Hyderabad; State: Telangana,500062,Mr.Kishore Kumar,STD (040) Tel: 39890600 Fax: 27140500,Common Network
Xenia Hospitals,Hyderabad,Plot No : 43 (E.C Extension) ECIL X Roads Hyderabad - 500062 Dist: Rangareddy State: Telangana,500062,Dr A.Chaitanya Reddy - Managing Director,STD(040) Tel: 27144000 27144777 Fax: 27134666,Common Network
Dr.Ramayyas Urology Nephrology Institute and Hospitals Pvt. Ltd,Hyderabad,5-9-34/2; Basheerbagh; Hyderabad; Dist:Hyderabad; State:Telangana - 500063,500063,Dr.Ramayya - Director,STD(040) Tel: 23230944 23234903 Fax: 23231956,Common Network
Hope Children Hospital,Hyderabad,#: 5-9-24/81 Lake Hill Road Basheerbagh Hyderabad - 500063 Dist: Hyderabad State: Telangana,500063,Dr. P L Ratnam - Managing Director,STD(040) Tel: 23223782 23223792 Fax: 23261098 ,Common Network
Mediciti Hospital,Hyderabad,5-9-22 Sarovar Complex Secretariat Road Hyderabad - 500063 Dist: Hyderabad State: Telangana,500063,Mr. Sai Raj Singh - DGM - Marketing,STD(040) Tel: 23231111 Fax: 23231631 ,Common Network
Russh Hospitals (A unit of Sriven Hospitals Pvt. Ltd.),Hyderabad,H.No:2-181/2/C; Suchitra Circle; NH 44; Hyderabad;Telangana - 500067,500067,Dr Naveen Reddy - MD,STD : 040-44441111 FAX : 27942999,Common Network
Kamineni Hospitals; L B Nagar,Hyderabad,L B Nagar L B Nagar Hyderabad - 500068 Dist: Hyderabad State: Telangana,500068,Mr. Gautham Naha - VP - Marketing Int'l Buss & Spl Projects,STD(040) Tel: 24022272 24022273 24022274 Fax: 24022277 ,Common Network
Supraja Hospitals(A Unit of Sai Sravan Healthcare,Hyderabad,Plot No-79; ; Nagole X Roads; Hyderabad - 500068; Dist : Hyderabad; State: Telangana,500068,G Kalyan Rao,STD : 040-30979797 FAX : 30979798,Common Network
Sreshta Orange Hospitals,Hyderabad,Opp.Vijaya Laxmi Theatre; LB Nagar X Road; Hyderabad 500070 Dist Hyderabad Telangana,500070,Mr K S Srikanth,STD(040) Tel: 24113111 Fax: 24114111,Common Network
Ankura Childrens hospital,Hyderabad,Plot No.55 & 56 - 7th phase; Hitech City Railway Station; KPHB; Kukutpally; Hyderabad 500072 Dist Hyderabad Telangana,500072,Siva Narayana,STD(040) Tel: 30888844 Fax: 39993363,Common Network
Anupama Hospital,Hyderabad,16-31/494&495; 6th Phase; JNTU Road; Kukatpally Hyderabad - 500072 Dist: Hyderabad State: Telangana,500072,Dr. M.SampathRao - Manging Director,STD(040) Tel: 23152525 Fax: 23152424,Common Network
Apollo Emergency Hospital (Kukutpally),Hyderabad,Opp. Bhagya Nagar Colony Sai Baba Temple Kukatpally Housing Board Kukatpally Hyderabad - 500072 Dist: Hyderabad State: Telangana,500072,Dr. Sudheer Rai - Administrator,STD(040) Tel: 23160039 23160041 Fax: 23609419,Common Network
Dr Agarwal s Eye Hospital,Hyderabad,Vijaya Sai Towers; Ground Floor; Near Kukatpally Bus Stop; Kukatpally Hyderabad 500072 Dist Hyderabad Telangana,500072,Dr S Raja Gopalan - Chief Executive Officer,STD(040) Tel: 42218585 7702355512 Fax:,Common Network
JK Hospital,Hyderabad,MIG-327; Road No.4; KPHB Colony Hyderabad - 500072 Dist: hyderabad State: Telangana,500072,Dr. CH Krishnam Raju - Director,STD(040) Tel: 23054038 23057073 Fax: ,Common Network
Kavya Nursing Home,Hyderabad,22-254 A.S. Raju Nagar Kukatpally Hyderabad - 500072 Dist: Hyderabad State: Telangana,500072,Dr. MV Ranga Rao - Owner,STD(040) Tel: 23065269 Fax: 23065269,Common Network
Lotus Childrens Hospital; Kukatpally,Hyderabad,Hig No: 15; Jntu; Hitec City Road; KPHB; Kukatpally; Hyderabad - 500072; Dist: Rangareddi; State: Telangana,500072,Dr VSV Prasad - CEO,STD (040) Tel: 40406666 40406688 Fax: 40406699,Common Network
Mamatha Medicare Pvt. Ltd,Hyderabad,27; Bhagyanagar Colony - Extension KPHB Main Road Kukatpally Hyderabad - 500072 Dist: Hyderabad State: Telangana,500072,Dr. P Srinivas Rao - Managing Director,STD(040) Tel: 23893895 23893763 Fax: 23893763,Common Network
Pooja Hospital; Hyderabad,Hyderabad,Plot No.34;Dharma Reddy Colony Phase-II;Near Hyder Nagar Bus Stop Kukatpally Hyderabad - 500072 Dist: Hyderabad State: Telangana,500072,Dr. Ramsingh - Medical Superintendent,STD(040) Tel: 69991992 Fax: 40101840 ,Common Network
Prasad Hospital; Hyderabad,Hyderabad,MIG-204; Road NO.1 Opp. Sitra Hotel K.P.H.B. Colony Hyderabad - 500072 Dist: Rangareddy State: Telangana,500072,Dr. D. A. Prasad - MD,STD(040) Tel: 64580066 Fax: 23150088,Common Network
Preeti Urology and Kidney Hospital,Hyderabad,MIG-1; 307; Road No.4; KPHB Colony; Hyderabad 500072 Dist Hyderabad Telangana,500072,Mr C Rajender Reddy,STD(040) Tel: 23152444 Fax: 23058344,Common Network
Prime Hospital; Kukatpally,Hyderabad,MIG 113 & 114; Road No: 1 KPHB Colony; Kukatpally Hyderabad - 500072 Dist: Rangareddy State: Telangana,500072,Dr. Nagaraju - Managing Director,STD(040) Tel: 44568888 Fax: 4458889 ,Common Network
Ravi Hospital,Hyderabad,LIG-564 & 565; Road No: 3; Behind R.S.Brothers KPHB Colony Hyderabad - 500072 Dist: Rangareddy State: Telangana,500072,Dr G.Ravi Kumar - Managing Director,STD(040) Tel: 66313131 66313134 Fax: 66313135 ,Common Network
Remedy Superspecialty Hospital,Hyderabad,MIG - 339&340; Road No 4 KPHB Colony Kukatpally Hyderabad - 500072 Dist: Hyderabad State: Telangana,500072,Dr. Sridhar B V R Rao - Director,STD(040) Tel: 23158787 23158788 Fax: 23056826 23056826,Common Network
Sankhya Hospitals Pvt Ltd,Hyderabad,C-15; 1st Road; Opp.SBTBank; Kukatpally Colony Hyderabad - 500072 Dist: Rangareddy State: Telangana,500072,TPA Co-Ordinator,STD(040) Tel: 23153535 64544444 23154567 Fax: 23153939 65744553,Common Network
Sumana Hospital,Hyderabad,Plot No 688; Vivekananda Nagar Colony Kukatpally Hyderabad - 500072 Dist: Hyderabad State: Telangana,500072,Dr. M Nagi Reddy - Managing Director,STD(040) Tel: 23068066 Fax: 23068066 ,Common Network
VASAN EYE CARE HOSPITAL KUKATPALLY,Hyderabad,Plot.No.MIG-12; Dharma Reddy Colony; Phase-I; Kukatpally; Hyderabad 500072 Distt Hyderabad Telangana,500072,Mr Kishore,STD (040) Tel: 43400300 Fax: 27649999,Common Network
Vignesh Nursing Home,Hyderabad,MIG-318 & 260; 4th Cross Road KPHB Colony Kukatpally Hyderabad - 500072 Dist: Hyderabad State: Telangana,500072,Dr. K Rajarajeswari - Director,STD(040) Tel: 23055330 55913682 Fax: ,Common Network
Axon Hospital,Hyderabad,8-3-215; Srinivasa nagar colony(West) opp ICICI Bank S R Nagar Hyderabad - 500073 Dist: Hyderabad State: Telangana,500073,Dr. Jaiswal - Managing Director,STD(040) Tel: 44505555 Fax: ,Common Network
Image Hospitals Ameerpet,Hyderabad,#: 8-3-903/F12-13 Ameerpet Hyderabad 500073 Dist Hyderabad Telangana,500073,Mr. Raj Kumar,STD(040) Tel: 23750000;6619999 Fax:23746616,Common Network
VASAN EYE CARE HOSPITAL AMEERPET,Hyderabad,No.8-3-903/A; Nagarjuna Nagar Colony;Yellareddyguda; Ameerpet; Hyderabad 500073 Distt Hyderabad Telangana,500073,Mr Vinoth kumar,STD(040) Tel:43400400 Fax:23731767,Common Network
Healthcare Hospital,Hyderabad,3-2-394;Near L B Nagar Circle;Towards Sagar Ring Road; Hyderabad 500074 Dist Hyderabad Telangana,500074,Mr. Narasimha Reddy,STD(040) Tel: 24037979 Fax:24037979,Common Network
Aashritha Hospital,Hyderabad,3-4-100/2; Ramarao Complex; Opp.Sai Towers; Mallapur Main Road; Hyderabad-500076; Dist:Hyderabad; State:Telangana,500076,Dr M Ram Mohan Rao - Propriter,STD (040) 27159833 Fax:27153515 Mobile:9666691520,Common Network
Sri Sri Holistic Hospitals,Hyderabad,# 1-2-49/138;Nizampet Road; Hydernagar; Kukatpally; Hyderabad 500079 Dist Hyderabad Telangana,500079,Mr. A. K. Mishra,STD(040) Tel:44108108 Fax:44108109,Common Network
Eashwar Lakshmi Hospital,Hyderabad,Plot No: 9 Gandhi Nagar Hyderabad - 500080 Dist: Hyderabad State: Telangana,500080,Dr. R Tapadia - Proprietor,STD(040) Tel: 27618442 27618434 Fax: 66630796 ,Common Network
Image Hospitals Madhapur,Hyderabad,Near Hi-tech City Madhapur Hyderabad 500081 Dist Hyderabad; State : Telangana,500081,Mr. C V Rao,STD(040) Tel: 60610000 Fax: 23116555,Common Network
Sunshine Super Speciality Institute (A Unit of Sahrudaya Health Care Pvt. Ltd.),Hyderabad,Survey No-78; Patrika Nagar; Opp: Cyber Gateway; Hitech City; Madhapur; Hyderabad; Dist:Ranga Reddy; State:Telangana - 500081,500081,Dr Anil Krishna - Managing Director,STD (040) 45404540 45404940 Fax: 45404540,Common Network
Asian Institute of Nephrology & Urology,Hyderabad,6-3-562/A  Erramanzil Colony Somajiguda Hyderabad-500082 Dist:Hyderabad State:Telangana,500082,Dr PC Reddy - Executive Director,STD (040) 67313131 23315151 23315252 Fax:23315959 Mobile:8096756493,Common Network
Dr Agarwals Eye Hospital Panjagutta,Hyderabad,# 6-3-712/80 and 81; Punjagutta colony; Panjagutta; Hyderabad 500082 Dist Hyderabad Telangana,500082,Mr Narendra Kumar,STD(040) Tel: 23400081 Fax: 23400081,Common Network
Eesha Multi Speciality Hospital,Hyderabad,6-3-1106/1/A; Adj to HSBC bank; Rajbhavan road; Somajiguda; Hyderabad - 500082; Dist: Hyderabad; State - Telangana,500082,Dr. GLN Malleshwar rao,STD (040) Tel: 23405080 23405090 Fax: 23405070,Common Network
Little Star Childrens hospital,Hyderabad,Plot no-30; Nagarjuna Hills; Panjagutta; Hyderabad 500082 Dist Hyderabad Telangana,500082,Dr Satish Ghanta,STD(040) Tel:66849055;66662345 Fax:66849055,Common Network
Matrika Hospital,Hyderabad,6-3-1100/2 T.Nagar Somajiguda Hyderabad - 500082 Dist: Hyderabad State: Telangana,500082,Dr. Kalpana Alexnader - Managing Director,STD(040) Tel: 23404038;23409351 Fax: 23414468,Common Network
Nova ENT Hospital,Hyderabad,6-3-652; Kavtilya Block; Erramanzil; Somajiguda Hyderabad - 500082 Dist: Hyderabad State: Telangana,500082,Dr. M. Mohan Reddy - Managing Director,STD(040) Tel: 23322444 Fax: 30622537,Common Network
Sri Srinivasa ENT Care & Research,Hyderabad,6-3-663/7/5; Jaffer Ali Bagh Beside Saboo Motars Somajiguda Hyderabad - 500082 Dist: Hyderabad State: Telangana,500082,Dr. Janaki Ram Reddy - Owner,STD(040) Tel: 23394995 66664995 Fax: 66779191 ,Common Network
Rainbow Childrens Medicare Pvt Ltd; Kondapur,Hyderabad,Whitefield Road; Opp:CII; Kondapur; Hyderabad - 500084; Dist: Hyderabad; State - Telangana,500084,Mr. Murlidhar,STD (040) Tel: 23114455 65511222 Fax: 23119600,Common Network
Peoples Hospital,Hyderabad,Plot No.755;756;757; Pragathi Nagar; Opp.J.N.T.U.; Kukatpally; Hyderabad; Dist:Ranga Reddy; State:Telangana - 500090,500090,Mr Vinodh Krishna G,STD(040) Tel: 23897050;23897051; 23897052 Fax:23892000,Common Network
Yashoda Hospital,Hyderabad,Raj Bhavan Road Somajiguda Hyderabad - 500482 Dist: Hyderabad State: Telangana,500482,Mr. Srinivasa Rao - General Manger,STD(040) Tel: 23319999 Fax: 23312783 23370655,Common Network
Sai Ram Multi Specialty Hospital,Hyderabad,7-78/1; Konark Theater Lane P & T Colony Road Dilsukhnagar Hyderabad - 500660 Dist: Hyderabad State: Telangana,500660,Dr. Goli Venkateshwar Rao - Managing Director,STD(040) Tel: 66758515 24152535 24064532 Fax: 66139998,Common Network
Sunrise Hospital,Hyderabad,H. NO 4-9-321; Plot No 4 & 7; Hayat Nagar; Hyderabad 501506 R R district; Telangana,501506,Mr G. Rama Rao,STD(040) Tel: 64621111 Fax: 67451111,Common Network
Sai Krishna Multi Speciality Hospital,Hyderabad,GMR complex; Market Road Gowtham nagar Patancheru Hyderabad 502319 Dist Medak Telangana,502319,Dr. Balakrishna - Partner,STD(08455) Tel: 240166 Fax: 240233,Common Network
